satisfaction_level,last_evaluation,no_of_projects,averge_monthly_hours,years_at_company,salary_range
29,5,2,102,1,0
11,20,1,118,1,0
2,2,3,108,1,0
29,31,2,138,4,0
29,27,2,128,2,0
14,24,1,164,2,0
8,8,2,153,2,0
10,28,2,159,2,0
26,8,2,116,2,0
15,16,1,119,1,0
23,1,3,146,1,0
28,30,3,143,2,0
4,11,2,134,3,0
33,31,3,135,2,0
21,13,1,146,1,0
20,4,1,125,2,0
16,9,3,158,1,0
33,26,3,147,1,0
26,4,1,163,2,0
22,30,2,128,1,0
29,26,1,164,3,0
15,19,1,154,2,0
30,19,2,124,3,0
1,4,3,103,1,0
26,13,3,106,2,0
1,8,2,126,3,0
9,32,1,96,3,0
3,28,1,122,3,0
33,11,3,132,1,0
30,25,1,140,2,0
22,2,2,157,1,0
13,10,2,152,1,0
22,22,2,159,3,0
25,4,3,151,1,0
28,24,3,148,2,0
31,15,2,123,3,0
24,5,2,151,3,0
10,8,1,134,2,0
26,9,1,150,3,0
30,50,2,136,2,1
16,16,2,101,3,0
25,20,2,155,3,0
31,24,1,101,3,0
33,12,2,152,3,0
30,14,3,145,3,0
32,21,2,111,2,0
22,1,3,127,3,0
22,4,2,126,2,0
20,17,2,146,1,0
8,30,1,135,1,0
9,26,2,119,3,0
11,25,3,127,3,0
33,30,1,139,1,0
27,13,3,150,2,0
13,7,1,105,1,0
5,24,3,164,2,0
13,25,1,164,1,0
6,2,2,109,1,0
6,28,2,150,3,0
5,12,3,110,1,0
31,3,2,106,1,0
21,3,3,152,2,0
22,27,3,141,1,0
8,24,2,137,2,0
1,22,2,148,2,0
24,19,2,138,1,0
22,23,1,96,3,0
14,16,1,97,3,0
4,21,1,126,1,0
28,31,3,132,2,0
33,6,3,126,2,0
33,20,2,135,3,0
16,8,2,96,2,0
4,13,1,117,2,0
2,8,3,146,1,0
31,13,3,132,1,0
9,23,1,151,2,0
19,9,3,130,1,0
24,3,2,125,3,0
31,26,2,140,3,0
21,10,2,121,2,0
17,24,1,149,1,0
31,29,1,152,2,0
17,20,1,162,3,0
3,4,3,120,3,0
29,7,3,122,1,0
27,27,3,158,1,0
28,13,3,144,1,0
22,1,1,151,2,0
15,6,2,160,3,0
28,20,2,147,3,0
28,25,2,138,1,0
25,28,1,164,2,0
2,18,2,101,1,0
25,14,1,143,3,0
30,22,2,127,3,0
15,14,2,116,3,0
20,7,1,97,1,0
5,15,2,127,2,0
13,16,3,102,3,0
21,12,3,114,2,0
22,12,3,150,2,0
26,26,1,112,1,0
28,25,1,155,2,0
29,18,1,150,3,0
4,24,3,144,2,0
25,13,2,154,1,0
13,3,2,143,2,0
19,28,1,148,3,0
26,6,3,141,3,0
18,5,3,137,1,0
10,8,1,122,1,0
8,5,2,111,1,0
25,6,1,137,2,0
1,18,2,178,2,0
1,6,1,132,1,0
24,29,1,123,2,0
18,13,3,152,2,0
4,4,1,115,2,0
15,31,3,134,3,0
32,21,1,128,2,0
29,17,1,104,2,0
12,22,3,127,1,0
4,7,2,153,1,0
7,5,3,117,3,0
33,10,3,136,2,0
10,10,3,138,3,0
32,10,3,100,3,0
8,1,1,146,3,0
14,20,1,129,2,0
29,2,2,125,3,0
6,28,1,147,1,0
4,18,2,138,1,0
12,25,1,162,2,0
20,18,2,99,2,0
29,15,3,97,1,0
12,6,2,104,1,0
7,7,2,102,1,0
27,31,2,120,3,0
29,5,3,144,2,0
24,12,2,129,2,0
30,11,2,140,2,0
20,16,1,100,1,0
10,24,1,126,3,0
32,10,3,110,3,0
4,21,2,147,1,0
18,6,3,162,2,0
18,15,1,143,1,0
4,10,1,112,1,0
17,7,3,125,1,0
24,30,2,126,2,0
10,8,1,130,3,0
23,17,1,152,3,0
27,21,3,153,3,0
3,17,1,118,2,0
16,14,1,144,1,0
13,7,1,160,2,0
28,19,2,164,2,0
16,11,3,96,3,0
9,28,1,158,1,0
11,7,1,100,1,0
13,1,1,146,1,0
10,26,2,158,1,0
25,15,3,163,1,0
33,31,3,146,2,0
29,7,3,101,1,0
2,20,1,130,3,0
23,7,3,104,2,0
4,32,1,122,3,0
11,21,1,97,3,0
6,15,2,159,1,0
31,9,3,136,2,0
24,3,3,106,2,0
19,18,3,162,3,0
27,4,2,131,2,0
9,22,3,97,2,0
31,17,3,137,1,0
1,5,1,159,3,0
6,27,2,151,3,0
26,3,2,159,1,0
17,31,3,164,2,0
27,12,2,156,1,0
3,29,2,97,1,0
10,6,2,152,1,0
1,15,3,103,1,0
25,16,3,98,2,0
13,33,2,150,2,0
30,20,2,138,2,0
33,28,3,101,1,0
23,15,2,101,3,0
32,31,1,99,2,0
18,20,2,144,3,0
27,28,3,113,2,0
22,9,3,132,1,0
25,14,1,97,1,0
17,27,3,133,2,0
24,13,1,140,1,0
21,32,2,154,2,0
24,10,1,97,1,0
33,24,3,135,1,0
9,12,1,99,2,0
21,28,3,135,2,0
9,28,1,143,1,0
18,6,3,151,3,0
4,1,2,118,1,0
15,13,1,97,3,0
28,9,2,129,2,0
2,28,1,110,3,0
10,29,2,133,2,0
23,27,1,137,3,0
14,2,2,105,1,0
16,22,2,112,1,0
15,24,3,109,3,0
26,3,1,121,1,0
3,7,1,111,3,0
5,3,3,103,1,0
22,17,2,145,3,0
2,26,2,123,3,0
29,17,1,97,3,0
29,31,2,108,1,0
23,15,3,134,3,0
1,24,3,121,1,0
19,26,2,133,2,0
2,31,1,100,1,0
23,14,3,151,3,0
3,18,1,120,1,0
17,16,3,110,3,0
1,4,1,136,2,0
25,20,1,128,1,0
8,2,1,114,2,0
6,33,3,142,3,0
24,10,3,154,3,0
23,6,1,105,1,0
14,29,3,154,1,0
15,17,3,99,3,0
32,3,3,160,2,0
25,22,1,110,1,0
6,24,3,120,1,0
22,5,3,112,3,0
2,12,2,136,2,0
23,16,1,129,1,0
16,18,2,157,1,0
6,23,3,136,2,0
1,14,2,121,1,0
32,17,3,151,1,0
9,15,1,98,1,0
22,13,2,117,2,0
7,17,3,123,2,0
14,12,3,114,3,0
8,7,2,144,3,0
14,3,2,118,2,0
30,19,3,121,1,0
2,33,3,156,2,0
18,18,3,144,2,0
3,15,2,117,3,0
5,23,2,152,2,0
17,3,1,162,1,0
21,29,1,145,3,0
13,2,1,137,3,0
21,11,1,137,2,0
17,16,3,131,3,0
6,23,3,141,2,0
27,30,1,157,3,0
10,26,3,99,1,0
28,22,3,100,3,0
1,5,2,127,2,0
16,2,1,102,2,0
5,1,3,147,1,0
26,14,3,97,2,0
22,27,3,137,1,0
29,18,1,162,1,0
25,4,2,129,1,0
17,33,3,110,2,0
14,30,3,160,1,0
7,15,2,127,1,0
6,20,1,114,3,0
10,9,1,142,1,0
27,3,2,159,1,0
13,18,2,111,1,0
5,15,2,155,2,0
24,4,2,137,1,0
23,6,1,162,1,0
9,6,2,126,3,0
8,4,2,128,2,0
30,11,1,150,1,0
5,26,3,126,3,0
3,3,2,100,2,0
25,8,1,100,1,0
25,5,1,140,3,0
29,33,3,132,2,0
13,12,1,134,3,0
20,2,2,163,2,0
29,15,2,99,3,0
27,3,1,157,1,0
14,9,3,162,2,0
10,24,3,103,3,0
33,6,2,149,2,0
7,18,1,99,3,0
13,18,2,136,1,0
19,17,1,138,3,0
27,18,1,106,2,0
7,33,1,103,3,0
8,18,2,153,2,0
8,8,2,130,3,0
25,33,2,128,3,0
28,27,2,157,3,0
29,12,1,137,1,0
32,27,1,107,2,0
8,9,2,153,2,0
5,4,1,122,3,0
2,12,2,116,1,0
19,21,3,148,1,0
13,10,2,122,2,0
9,32,1,154,2,0
14,29,1,106,2,0
19,28,1,129,2,0
28,32,3,97,3,0
30,6,2,141,1,0
12,27,3,150,1,0
8,17,1,145,3,0
18,21,3,126,3,0
5,27,2,146,2,0
3,3,2,97,1,0
14,32,3,144,3,0
18,23,2,110,1,0
28,11,2,108,1,0
15,19,3,109,2,0
32,19,1,147,1,0
28,15,3,124,1,0
8,20,3,151,2,0
30,11,3,144,1,0
24,11,1,155,3,0
4,8,1,101,2,0
24,18,3,111,3,0
3,28,2,101,1,0
3,13,3,105,3,0
2,30,1,136,1,0
1,12,1,119,2,0
13,15,3,113,3,0
9,7,3,102,2,0
30,28,1,118,3,0
31,30,2,136,2,0
3,21,1,163,3,0
23,2,1,131,3,0
2,17,1,97,2,0
27,28,3,133,2,0
13,10,1,132,3,0
24,24,2,112,3,0
7,25,2,123,2,0
13,22,3,162,3,0
20,4,2,119,3,0
2,17,1,119,1,0
3,22,1,123,2,0
33,32,2,127,2,0
9,33,1,139,1,0
25,30,1,107,2,0
15,31,1,132,1,0
10,7,1,144,2,0
32,9,3,106,1,0
5,10,1,128,1,0
1,31,1,127,3,0
14,7,2,158,3,0
30,4,3,137,2,0
4,4,2,123,3,0
25,32,1,114,2,0
11,26,1,101,2,0
33,13,1,98,3,0
24,11,1,146,3,0
32,28,2,137,1,0
6,25,2,115,3,0
20,21,2,101,2,0
16,6,2,164,2,0
7,1,2,121,2,0
6,8,3,143,1,0
2,16,3,159,1,0
20,15,2,115,1,0
31,2,1,116,2,0
1,31,2,124,3,0
22,32,2,127,2,0
2,26,1,100,2,0
12,11,1,108,1,0
1,29,3,108,3,0
15,7,2,140,1,0
16,18,1,97,1,0
16,9,1,134,2,0
3,19,3,97,2,0
18,28,1,160,1,0
4,10,2,151,2,0
29,32,3,132,1,0
14,14,3,140,3,0
23,7,2,164,3,0
23,26,3,121,2,0
29,22,3,102,1,0
6,22,2,156,3,0
17,8,1,115,3,0
15,8,3,109,1,0
8,17,3,140,3,0
12,12,1,127,2,0
23,3,3,157,3,0
2,7,3,125,3,0
10,3,3,97,3,0
10,12,3,131,3,0
31,30,1,110,1,0
23,8,3,163,1,0
30,32,1,150,2,0
19,32,3,146,2,0
12,29,2,142,2,0
28,3,2,102,2,0
21,10,1,122,2,0
25,19,1,139,1,0
8,2,2,154,3,0
26,15,3,118,3,0
5,18,2,101,3,0
19,14,1,131,3,0
10,28,1,110,1,0
26,1,2,105,1,0
15,25,1,145,1,0
17,30,1,145,1,0
28,17,2,132,2,0
11,5,3,128,3,0
6,8,2,140,3,0
19,28,3,158,1,0
25,26,1,152,2,0
5,6,1,164,3,0
13,6,2,107,3,0
17,26,1,140,3,0
21,11,1,135,2,0
3,14,3,127,1,0
17,10,3,164,3,0
4,18,3,99,2,0
24,24,2,130,3,0
18,9,2,133,1,0
31,19,3,101,3,0
1,32,1,150,3,0
4,2,1,112,2,0
33,25,1,122,3,0
31,28,1,101,2,0
33,17,3,158,1,0
12,4,2,141,3,0
15,30,2,135,2,0
5,14,1,150,1,0
2,24,2,125,1,0
12,20,3,132,3,0
28,1,2,122,3,0
25,30,3,135,1,0
20,30,1,136,3,0
12,21,1,145,3,0
8,20,1,119,1,0
22,9,3,120,3,0
33,5,2,116,1,0
10,8,2,101,2,0
9,3,2,116,3,0
17,32,1,121,3,0
4,22,1,152,3,0
32,29,1,114,3,0
10,2,1,141,1,0
19,16,1,112,3,0
7,24,1,144,3,0
13,19,1,151,1,0
17,12,1,110,3,0
16,31,3,130,3,0
19,2,1,144,2,0
29,10,1,105,3,0
15,12,1,155,3,0
23,28,2,129,1,0
12,30,3,113,3,0
23,2,1,101,1,0
14,21,1,138,3,0
19,30,2,152,1,0
19,33,3,151,1,0
1,18,1,125,2,0
31,20,1,105,2,0
25,9,1,157,3,0
12,14,1,138,1,0
4,26,2,147,1,0
23,4,3,112,1,0
11,10,1,152,1,0
33,31,2,127,3,0
25,27,3,139,1,0
14,7,2,102,3,0
19,1,3,149,1,0
14,6,2,111,2,0
22,25,1,155,3,0
3,29,2,160,3,0
10,11,1,155,2,0
2,29,3,128,2,0
15,27,2,128,1,0
18,22,1,152,2,0
7,22,3,107,3,0
28,24,2,109,2,0
11,12,3,110,2,0
31,23,3,140,3,0
9,32,1,157,2,0
4,17,2,129,3,0
7,19,2,106,2,0
16,28,2,151,1,0
21,33,1,156,2,0
19,11,3,132,2,0
4,29,3,118,2,0
11,6,3,142,3,0
6,23,2,113,2,0
8,15,3,141,2,0
6,19,3,116,3,0
33,20,2,163,2,0
19,10,3,116,2,0
14,31,3,132,3,0
28,28,1,134,1,0
28,13,2,146,1,0
22,30,3,115,1,0
9,27,1,102,2,0
25,32,3,135,1,0
22,6,1,143,3,0
5,27,3,104,1,0
14,27,1,162,3,0
25,32,3,102,2,0
7,10,2,123,3,0
33,24,1,121,1,0
3,30,1,144,2,0
21,21,1,116,3,0
3,29,3,144,3,0
6,29,3,111,1,0
26,10,1,111,3,0
18,9,2,144,2,0
11,1,3,130,3,0
3,14,2,139,2,0
20,3,2,104,2,0
32,8,1,129,1,0
20,6,2,104,2,0
13,12,2,137,1,0
24,29,1,157,1,0
31,3,1,135,1,0
20,16,3,150,3,0
27,18,1,103,1,0
19,6,3,134,2,0
8,26,2,125,3,0
20,17,2,131,1,0
13,16,3,155,2,0
1,27,2,129,1,0
5,11,3,134,2,0
2,32,3,115,3,0
30,19,2,114,3,0
19,11,2,148,2,0
7,4,3,121,2,0
23,26,2,109,3,0
20,15,1,105,3,0
15,4,3,117,3,0
17,24,3,117,3,0
6,17,3,110,3,0
10,11,2,96,3,0
24,17,1,114,1,0
5,2,1,135,3,0
24,20,1,98,1,0
6,4,3,101,3,0
32,12,1,152,2,0
15,17,2,148,2,0
12,1,2,128,3,0
30,12,2,106,1,0
32,30,3,131,1,0
18,3,2,164,2,0
16,19,1,149,3,0
31,31,3,125,3,0
10,10,3,96,2,0
29,3,1,133,2,0
21,23,1,119,1,0
1,27,3,137,3,0
7,26,1,123,2,0
18,28,1,151,1,0
15,31,3,161,3,0
13,12,3,143,3,0
29,9,3,117,1,0
3,14,3,102,3,0
8,2,1,143,1,0
10,9,2,129,1,0
13,6,3,155,2,0
19,17,3,97,2,0
28,16,2,137,2,0
3,3,3,158,3,0
13,13,2,116,3,0
22,8,2,153,2,0
33,5,3,140,3,0
14,4,3,113,2,0
21,8,1,120,2,0
2,1,1,141,2,0
29,12,1,158,1,0
27,15,1,101,1,0
9,33,1,154,2,0
33,15,3,117,3,0
30,25,1,142,1,0
33,12,2,130,1,0
26,9,2,103,1,0
10,30,2,158,3,0
30,32,1,110,3,0
31,5,2,102,2,0
30,9,3,150,1,0
12,24,2,150,2,0
20,24,2,141,2,0
27,3,1,163,3,0
8,12,3,130,1,0
22,18,1,124,1,0
21,13,1,125,3,0
16,18,1,128,1,0
19,30,1,141,3,0
27,18,3,123,1,0
29,3,2,159,2,0
25,30,3,129,3,0
33,14,1,148,3,0
26,1,1,158,1,0
14,19,1,125,3,0
15,16,2,110,2,0
16,4,3,126,1,0
16,8,1,112,3,0
32,24,2,125,1,0
32,20,1,130,2,0
13,28,2,134,3,0
14,3,2,108,1,0
29,26,2,112,2,0
25,22,3,123,3,0
10,12,2,139,3,0
16,28,3,149,1,0
32,28,3,164,2,0
21,9,3,153,2,0
5,12,3,155,1,0
4,20,2,106,3,0
18,12,1,125,2,0
25,33,2,140,2,0
9,15,1,164,1,0
8,32,3,155,3,0
12,25,2,103,2,0
30,24,2,162,3,0
24,26,3,97,3,0
22,8,2,160,3,0
19,6,1,97,3,0
18,10,2,111,2,0
23,31,1,144,2,0
8,10,3,141,3,0
14,22,3,149,3,0
13,23,2,142,1,0
1,27,3,118,2,0
7,9,3,96,1,0
7,6,1,135,1,0
12,11,3,147,2,0
7,29,3,115,1,0
22,20,3,105,3,0
10,13,3,154,3,0
31,8,2,153,2,0
21,15,3,152,1,0
33,12,1,143,3,0
15,18,3,137,3,0
28,25,3,115,3,0
30,26,1,106,3,0
11,30,3,155,1,0
6,3,3,155,3,0
22,24,2,130,2,0
7,18,3,120,2,0
7,4,2,104,2,0
5,16,3,111,2,0
15,21,3,161,3,0
12,15,1,117,2,0
27,32,2,157,1,0
20,9,1,126,2,0
29,26,2,160,1,0
30,22,2,118,1,0
18,14,2,153,2,0
24,10,3,146,2,0
27,9,2,125,3,0
26,16,1,156,3,0
16,13,2,103,1,0
33,25,3,101,1,0
33,15,2,122,1,0
17,15,2,96,2,0
16,31,1,107,2,0
28,20,3,115,3,0
12,7,3,147,3,0
15,15,2,161,3,0
23,32,2,131,1,0
2,17,1,144,3,0
13,15,2,116,2,0
16,30,1,160,1,0
5,8,3,122,1,0
5,13,1,152,1,0
3,23,2,112,3,0
20,7,3,134,3,0
6,25,3,96,1,0
29,24,1,106,2,0
30,16,1,107,1,0
9,12,3,156,1,0
26,4,1,157,1,0
16,23,2,100,1,0
33,11,2,101,2,0
15,17,1,153,1,0
14,16,1,137,1,0
7,1,3,157,3,0
26,30,1,147,1,0
25,33,3,126,3,0
29,15,2,108,1,0
8,14,3,135,1,0
20,32,2,108,1,0
32,24,3,117,3,0
5,23,1,119,2,0
19,4,2,132,2,0
18,6,1,129,3,0
11,18,3,120,2,0
11,31,1,143,1,0
29,13,3,104,1,0
6,27,2,146,1,0
24,15,2,123,2,0
33,27,1,144,1,0
32,27,3,117,2,0
32,24,3,113,3,0
33,24,2,151,3,0
30,3,2,100,2,0
33,12,1,136,2,0
7,19,2,107,3,0
27,10,2,150,2,0
32,8,3,130,1,0
19,7,2,111,1,0
5,29,2,114,2,0
9,15,2,100,1,0
1,27,2,124,2,0
20,33,3,103,1,0
30,32,1,144,2,0
31,25,3,148,3,0
30,6,1,155,1,0
3,4,2,129,3,0
4,28,3,141,1,0
12,27,2,120,2,0
22,13,3,120,2,0
25,13,2,160,1,0
20,33,3,163,3,0
17,10,1,153,3,0
16,25,2,159,3,0
29,32,2,130,3,0
1,2,3,134,2,0
25,25,3,106,2,0
16,31,1,135,1,0
33,24,3,101,2,0
10,33,2,140,1,0
18,15,2,111,2,0
1,31,2,97,1,0
7,5,1,134,2,0
13,9,2,132,2,0
15,15,3,147,1,0
19,16,2,119,3,0
14,5,1,129,2,0
28,6,2,96,2,0
17,28,3,136,2,0
24,30,2,96,1,0
19,21,2,138,2,0
15,11,2,101,2,0
12,27,3,132,3,0
15,28,2,145,2,0
19,6,1,132,2,0
11,26,3,119,3,0
20,12,1,122,1,0
6,30,2,149,2,0
21,4,3,159,1,0
30,14,3,104,1,0
2,29,3,116,1,0
20,25,3,113,3,0
4,28,3,136,3,0
8,25,1,117,3,0
15,24,1,100,1,0
28,14,3,141,3,0
15,18,3,154,2,0
2,14,1,119,2,0
6,19,2,112,2,0
25,14,1,104,3,0
8,22,2,125,3,0
28,28,1,111,2,0
2,16,1,116,3,0
33,6,1,159,3,0
8,5,3,159,3,0
12,16,3,111,3,0
6,12,1,155,2,0
10,10,2,109,2,0
1,1,1,160,2,0
24,7,2,163,2,0
14,22,2,158,1,0
6,4,3,112,1,0
6,14,3,128,2,0
19,14,1,117,3,0
31,24,2,155,2,0
9,2,1,144,1,0
32,30,3,96,3,0
33,4,2,102,1,0
30,8,3,105,2,0
33,12,2,101,3,0
19,4,2,141,1,0
31,28,1,163,1,0
15,17,1,100,3,0
11,29,3,145,2,0
8,5,1,106,1,0
5,10,3,127,1,0
1,16,1,146,1,0
17,25,2,146,1,0
4,12,1,164,2,0
19,2,1,114,2,0
11,21,1,136,3,0
28,26,3,118,3,0
5,26,3,111,1,0
15,27,1,133,3,0
10,25,1,120,3,0
28,20,1,132,1,0
7,16,3,104,2,0
19,21,2,115,3,0
15,23,1,113,3,0
3,11,3,106,2,0
23,24,1,103,3,0
32,8,2,129,2,0
2,16,1,142,2,0
20,26,3,162,1,0
28,2,2,112,1,0
31,14,1,162,3,0
28,22,2,139,1,0
2,29,1,138,3,0
19,29,1,113,2,0
6,6,2,130,2,0
21,25,1,103,2,0
25,1,2,101,1,0
19,6,2,129,1,0
10,17,2,133,3,0
8,23,3,163,1,0
20,12,2,163,2,0
22,30,3,103,1,0
1,16,3,96,1,0
22,25,3,135,1,0
18,12,1,136,1,0
29,7,1,162,2,0
20,30,3,157,2,0
11,3,1,154,1,0
13,29,1,122,3,0
3,23,1,114,1,0
6,19,3,141,2,0
21,4,2,108,2,0
32,19,2,139,2,0
10,13,1,147,3,0
28,32,3,132,3,0
21,6,1,115,3,0
26,2,2,143,3,0
27,27,2,96,3,0
27,5,1,132,1,0
3,9,1,146,2,0
32,27,1,145,2,0
30,13,2,150,2,0
11,9,2,104,1,0
1,9,1,119,2,0
31,10,3,126,1,0
9,9,3,151,2,0
27,26,1,112,2,0
24,29,3,157,1,0
32,23,3,132,2,0
32,33,3,120,3,0
21,7,1,153,3,0
29,23,2,130,2,0
32,32,2,128,1,0
10,5,1,142,1,0
13,7,1,113,3,0
8,24,2,151,2,0
5,10,3,162,1,0
18,4,3,150,2,0
23,8,1,154,2,0
13,32,3,106,3,0
29,10,2,160,1,0
28,20,1,102,1,0
15,17,1,142,1,0
17,7,2,121,2,0
33,29,2,124,1,0
14,18,1,152,2,0
4,24,3,109,2,0
8,11,3,131,2,0
31,17,2,132,3,0
8,1,1,129,1,0
25,14,1,126,1,0
15,16,2,121,1,0
11,16,3,108,3,0
21,31,2,117,2,0
13,4,2,135,3,0
11,20,3,133,1,0
15,16,2,107,3,0
26,5,3,130,2,0
29,14,2,122,2,0
1,3,3,101,3,0
10,18,2,103,3,0
27,8,2,108,2,0
3,17,2,138,3,0
16,12,3,155,2,0
4,17,3,125,2,0
27,11,1,132,2,0
18,5,3,147,2,0
1,2,1,121,3,0
15,13,1,131,1,0
13,24,1,149,3,0
29,29,3,129,3,0
10,29,2,133,3,0
11,30,2,137,2,0
22,25,3,133,1,0
4,11,3,128,1,0
28,19,2,118,1,0
22,8,3,108,1,0
31,2,3,159,2,0
24,30,2,163,1,0
20,12,1,154,2,0
2,7,2,104,3,0
5,21,2,118,3,0
5,17,1,104,1,0
16,3,2,127,3,0
34,26,3,143,1,0
11,32,2,114,2,0
3,29,2,153,3,0
4,23,3,106,3,0
13,3,1,118,1,0
22,33,3,164,2,0
18,13,2,158,1,0
12,3,2,157,3,0
25,1,1,152,1,0
28,3,1,103,3,0
33,9,3,131,1,0
3,31,1,103,1,0
8,20,1,110,1,0
23,9,3,108,3,0
6,9,2,143,3,0
9,12,3,130,3,0
27,10,1,129,3,0
17,17,2,140,1,0
9,24,3,150,2,0
13,15,1,110,2,0
6,32,3,123,1,0
6,26,3,129,3,0
27,33,2,154,3,0
14,8,1,152,1,0
5,20,2,117,1,0
5,30,2,138,1,0
27,1,3,128,3,0
1,33,3,155,2,0
3,14,2,144,2,0
28,19,3,162,1,0
9,31,3,127,2,0
21,20,1,142,1,0
17,19,3,108,3,0
2,22,1,111,3,0
10,24,2,137,2,0
13,16,2,159,3,0
30,30,3,127,1,0
15,12,3,132,2,0
10,33,3,142,2,0
6,15,1,134,3,0
24,20,2,140,3,0
6,18,2,142,3,0
23,4,2,160,3,0
18,18,3,142,2,0
24,16,3,144,1,0
22,3,2,153,3,0
16,16,2,151,2,0
21,4,2,144,1,0
10,4,2,163,2,0
13,8,2,138,1,0
21,14,1,142,1,0
23,17,2,155,1,0
13,15,3,156,2,0
31,17,2,123,3,0
30,8,3,138,2,0
18,12,3,115,3,0
14,32,3,140,1,0
29,25,1,103,1,0
12,12,3,136,3,0
19,20,1,98,1,0
1,23,1,156,2,0
12,23,2,100,1,0
22,5,1,100,1,0
2,7,3,154,3,0
6,8,3,118,3,0
28,20,1,125,1,0
6,1,3,136,3,0
31,16,1,135,2,0
7,18,1,155,2,0
17,12,3,154,3,0
3,22,1,96,3,0
22,2,2,100,2,0
27,23,2,158,3,0
10,29,1,163,3,0
15,10,1,155,3,0
3,25,1,163,2,0
23,5,3,135,1,0
1,8,2,131,3,0
5,13,2,113,1,0
33,3,1,139,3,0
31,5,1,125,1,0
15,5,2,100,3,0
16,25,1,131,2,0
28,25,1,115,1,0
28,31,1,129,2,0
5,26,3,130,1,0
7,16,3,139,3,0
1,28,3,162,2,0
23,2,1,161,3,0
25,31,2,162,2,0
27,5,1,154,3,0
1,15,1,101,3,0
22,15,3,145,1,0
28,29,1,142,3,0
52,41,4,190,6,1
58,53,6,183,5,1
44,51,5,192,5,1
55,63,6,169,5,1
66,48,6,167,4,1
42,46,5,168,5,1
34,44,5,202,4,1
41,64,5,205,5,1
50,55,5,176,5,1
44,51,6,210,5,1
56,61,5,214,6,1
65,42,5,204,5,1
42,35,4,206,6,1
41,46,5,195,5,1
53,46,5,185,4,1
66,52,5,213,5,1
62,36,6,186,6,1
53,36,6,180,6,1
63,47,5,212,4,1
35,37,4,188,4,1
52,53,5,208,4,1
48,57,5,212,5,1
45,46,5,213,4,1
62,42,6,204,4,1
36,61,4,170,6,1
46,42,4,194,4,1
47,42,5,188,6,1
38,42,4,218,5,1
36,64,4,183,5,1
37,46,4,207,4,1
54,66,4,207,6,1
65,59,5,165,6,1
40,45,5,191,5,1
50,53,6,209,5,1
50,63,6,189,4,1
50,47,6,207,6,1
47,57,6,197,6,1
63,40,4,175,6,1
37,58,4,188,6,1
65,38,5,214,4,1
46,62,5,195,5,1
46,40,5,217,4,1
37,37,5,169,4,1
60,46,6,204,6,1
42,40,4,186,5,1
55,48,6,183,6,1
51,36,5,211,5,1
54,60,4,211,4,1
63,41,6,199,5,1
49,37,4,208,5,1
44,52,5,192,6,1
42,55,5,200,5,1
35,47,4,217,4,1
43,46,6,197,4,1
62,57,6,192,5,1
50,65,4,213,5,1
44,54,5,191,6,1
52,54,5,167,6,1
53,53,6,203,4,1
35,49,5,167,5,1
65,57,6,195,6,1
35,61,4,175,5,1
53,55,5,185,6,1
55,56,6,183,5,1
52,57,6,177,4,1
62,40,6,193,4,1
38,63,4,172,6,1
34,44,6,203,4,1
59,48,5,186,5,1
61,57,4,186,5,1
50,61,6,189,4,1
62,51,4,198,5,1
43,65,4,210,4,1
60,50,4,205,4,1
55,48,4,180,5,1
62,65,4,197,5,1
35,38,5,204,5,1
41,43,6,192,6,1
40,40,5,165,4,1
37,42,4,193,5,1
58,65,4,199,6,1
34,40,6,181,4,1
47,39,5,216,5,1
45,39,5,189,4,1
57,63,5,174,4,1
63,52,6,178,5,1
66,35,4,208,6,1
62,61,6,204,4,1
38,37,5,166,4,1
61,64,4,198,4,1
36,38,4,179,5,1
39,37,4,199,5,1
47,65,4,174,5,1
37,60,6,198,4,1
62,45,4,218,6,1
61,53,4,190,6,1
35,53,4,194,5,1
56,35,4,170,4,1
49,37,6,167,4,1
41,40,5,184,6,1
39,37,4,207,5,1
49,58,4,187,4,1
56,50,6,180,4,1
53,53,5,190,4,1
40,48,6,193,5,1
60,52,5,215,4,1
40,51,4,181,4,1
46,62,5,199,5,1
35,45,5,215,4,1
51,37,4,177,5,1
41,66,4,215,5,1
54,34,4,197,5,1
37,44,4,194,5,1
36,40,4,179,4,1
63,52,6,210,6,1
63,40,5,216,5,1
35,62,6,176,4,1
65,54,4,206,5,1
45,65,4,192,5,1
39,53,5,209,5,1
63,61,5,167,6,1
65,54,6,183,6,1
40,45,4,186,5,1
40,41,6,200,6,1
50,44,4,209,5,1
41,65,4,188,6,1
59,40,6,182,6,1
44,47,6,210,4,1
37,38,5,181,5,1
34,61,6,207,5,1
34,64,5,215,5,1
42,46,6,185,6,1
60,61,4,207,6,1
41,35,6,213,4,1
57,61,6,182,4,1
56,49,6,170,5,1
63,39,4,186,6,1
60,54,6,198,6,1
64,60,5,212,4,1
57,41,6,197,6,1
47,45,5,218,5,1
36,35,4,210,4,1
46,46,4,217,5,1
44,35,5,184,6,1
50,63,4,199,6,1
36,60,6,192,5,1
62,57,6,181,5,1
45,50,6,188,4,1
52,41,4,195,4,1
36,48,4,183,6,1
58,42,5,215,4,1
49,43,4,210,6,1
38,35,5,205,6,1
40,46,5,191,5,1
35,41,6,211,4,1
45,61,6,190,5,1
39,40,6,166,5,1
46,40,6,206,4,1
54,34,6,200,5,1
36,49,5,215,4,1
46,63,4,190,6,1
55,46,4,199,4,1
56,41,5,195,6,1
50,53,5,185,6,1
41,53,5,191,4,1
51,59,6,178,6,1
38,39,6,194,6,1
34,43,4,200,5,1
54,35,6,177,5,1
63,36,4,174,4,1
63,56,6,217,4,1
49,44,6,218,5,1
40,53,6,182,4,1
44,56,5,181,6,1
39,51,6,187,5,1
53,62,5,190,5,1
41,40,5,168,4,1
62,38,5,180,6,1
35,35,6,173,4,1
55,38,4,165,4,1
44,61,4,184,4,1
56,56,6,200,5,1
49,36,4,215,5,1
47,38,5,183,6,1
62,41,5,207,5,1
48,46,6,197,6,1
36,62,6,175,6,1
66,58,4,211,4,1
39,54,5,209,4,1
63,54,6,183,6,1
63,56,5,175,5,1
36,35,4,202,4,1
57,59,6,210,6,1
42,43,6,190,6,1
50,56,5,183,5,1
39,64,5,194,4,1
40,56,5,195,4,1
56,34,5,185,5,1
36,55,4,212,6,1
35,54,4,186,4,1
44,37,5,188,6,1
40,46,5,202,4,1
59,64,5,206,5,1
54,59,6,194,5,1
53,63,5,178,5,1
52,49,4,218,4,1
45,49,5,180,5,1
47,37,5,182,5,1
39,61,6,170,4,1
47,64,4,203,6,1
49,46,6,178,5,1
48,62,4,203,4,1
48,64,4,174,4,1
70,66,6,209,2,1
62,55,6,171,4,1
53,40,6,210,4,1
42,36,5,179,6,1
45,34,5,202,6,1
51,63,4,212,5,1
47,35,6,200,4,1
35,63,6,207,6,1
61,62,4,186,6,1
49,52,4,206,5,1
63,57,4,174,6,1
47,58,6,200,4,1
38,52,5,169,5,1
34,43,4,184,5,1
36,58,6,199,4,1
34,54,4,211,4,1
39,35,5,193,6,1
44,49,6,208,5,1
40,47,6,194,6,1
61,60,5,212,6,1
60,41,5,179,6,1
44,41,4,195,6,1
58,57,6,172,6,1
41,60,6,175,4,1
60,48,6,192,4,1
43,53,4,211,5,1
41,60,4,184,6,1
60,66,6,180,5,1
48,48,6,185,5,1
56,52,6,184,4,1
63,51,6,182,6,1
43,64,6,188,6,1
63,62,4,215,6,1
41,41,6,185,6,1
55,49,6,197,5,1
57,60,5,182,4,1
51,63,5,209,6,1
54,57,4,201,6,1
48,36,4,205,6,1
59,48,4,218,6,1
40,47,5,189,6,1
37,36,5,184,6,1
64,63,6,183,4,1
43,54,5,199,4,1
53,55,6,209,5,1
43,59,5,215,5,1
56,61,4,201,6,1
60,58,4,195,4,1
36,46,5,207,4,1
61,61,5,170,6,1
42,63,4,185,5,1
59,36,6,206,4,1
48,44,5,167,5,1
52,39,4,200,6,1
62,42,6,179,6,1
37,40,5,177,5,1
65,64,6,212,5,1
41,65,5,183,6,1
43,56,4,201,5,1
54,35,4,208,5,1
50,42,5,189,5,1
63,39,5,182,5,1
56,34,4,181,4,1
38,44,4,218,5,1
49,53,5,216,4,1
56,63,5,172,6,1
45,64,4,192,5,1
34,38,5,206,4,1
36,41,6,217,4,1
43,40,4,170,6,1
54,52,5,169,4,1
35,42,6,173,4,1
43,52,5,215,4,1
42,36,5,201,6,1
40,41,4,199,5,1
59,49,6,174,6,1
42,39,6,208,6,1
43,42,5,166,5,1
42,59,4,204,4,1
42,38,4,211,4,1
34,60,6,205,6,1
52,48,6,195,5,1
41,44,6,177,5,1
37,53,5,169,6,1
36,54,6,171,4,1
57,49,6,167,4,1
58,36,4,174,6,1
63,64,5,218,5,1
40,53,4,218,5,1
55,40,6,176,6,1
62,37,6,172,5,1
44,66,6,209,5,1
36,36,5,195,4,1
51,37,6,189,4,1
62,42,6,178,4,1
65,40,4,185,6,1
41,40,5,191,5,1
57,50,4,184,4,1
38,56,5,188,4,1
61,53,6,209,5,1
58,53,6,174,6,1
53,41,4,218,4,1
48,57,6,203,6,1
41,38,6,212,5,1
45,63,4,209,6,1
40,64,5,206,5,1
54,35,6,206,6,1
44,37,5,207,6,1
49,43,4,165,5,1
52,54,5,174,4,1
38,55,4,209,4,1
48,47,6,202,5,1
55,38,6,175,5,1
35,61,4,166,5,1
52,65,5,198,5,1
38,36,6,205,6,1
50,56,6,167,6,1
49,56,5,211,5,1
66,44,5,180,5,1
39,46,4,216,6,1
65,55,6,167,4,1
60,41,5,205,5,1
52,57,4,191,4,1
58,37,5,210,4,1
43,48,6,183,4,1
60,39,4,177,6,1
57,55,6,212,5,1
45,65,4,208,6,1
36,39,6,172,5,1
56,49,5,202,4,1
51,37,5,216,4,1
59,66,4,176,4,1
55,44,6,175,5,1
50,58,4,191,6,1
51,40,6,205,6,1
47,54,6,170,5,1
37,64,5,201,6,1
62,66,5,171,5,1
57,42,6,211,5,1
62,60,4,202,6,1
60,44,4,215,5,1
49,57,5,202,6,1
44,38,4,208,6,1
58,44,5,194,6,1
64,57,6,218,5,1
35,46,5,191,6,1
54,62,5,194,4,1
41,41,5,173,4,1
65,52,5,214,6,1
66,38,4,194,4,1
34,46,4,201,6,1
62,41,6,196,6,1
50,52,6,168,4,1
65,61,4,216,5,1
61,59,6,209,6,1
60,34,5,177,5,1
56,51,6,209,4,1
41,64,4,173,4,1
50,44,4,183,6,1
57,57,5,165,6,1
61,51,5,197,5,1
62,44,5,181,4,1
46,42,6,198,6,1
41,63,5,185,5,1
37,66,4,212,4,1
47,44,6,190,5,1
47,51,6,174,5,1
58,58,5,179,5,1
38,49,4,182,4,1
65,52,5,178,5,1
52,48,5,195,5,1
58,51,5,167,5,1
40,42,4,196,5,1
39,62,4,205,6,1
45,43,5,212,6,1
54,59,5,202,4,1
35,63,5,215,5,1
51,56,5,177,6,1
59,36,5,184,5,1
42,49,4,213,4,1
46,43,6,165,6,1
50,34,6,205,5,1
62,45,5,195,4,1
61,56,4,177,4,1
39,54,6,216,4,1
57,36,6,203,4,1
50,63,5,210,6,1
40,35,5,170,5,1
37,51,4,188,4,1
40,59,4,180,5,1
64,55,6,200,6,1
61,34,6,218,4,1
63,38,6,215,4,1
43,63,5,204,6,1
43,59,5,207,4,1
54,62,4,211,6,1
35,44,5,174,4,1
61,53,5,170,6,1
36,62,6,200,5,1
40,38,4,209,4,1
37,59,4,171,6,1
47,38,4,202,6,1
37,48,4,194,6,1
39,59,4,211,5,1
56,38,5,190,5,1
59,61,6,172,4,1
63,35,5,178,5,1
45,42,4,185,5,1
50,64,4,193,6,1
36,36,4,196,4,1
50,49,4,191,5,1
42,42,6,213,5,1
64,61,5,169,4,1
51,65,5,187,6,1
37,66,4,189,6,1
53,36,5,197,6,1
60,57,5,176,5,1
47,48,6,181,6,1
45,44,4,180,4,1
50,50,6,185,5,1
54,38,6,210,5,1
54,47,4,189,5,1
59,55,5,206,6,1
61,36,4,174,5,1
60,52,5,188,6,1
46,42,5,189,6,1
64,46,5,184,5,1
53,63,6,172,5,1
63,57,4,181,5,1
66,58,6,186,4,1
63,45,5,187,6,1
62,39,5,197,4,1
38,57,5,200,4,1
34,65,4,195,5,1
35,55,4,175,4,1
44,63,6,167,6,1
35,50,6,190,6,1
52,38,5,195,5,1
35,62,5,216,4,1
46,66,5,208,6,1
45,40,6,165,5,1
34,41,6,182,4,1
42,56,4,205,6,1
42,64,4,173,5,1
36,37,4,187,6,1
59,63,5,195,5,1
45,46,4,208,4,1
42,59,5,198,5,1
37,38,5,172,6,1
44,42,5,195,4,1
47,44,5,213,4,1
39,59,5,182,4,1
38,61,4,202,4,1
34,47,4,211,5,1
37,62,4,165,5,1
55,35,5,188,4,1
55,56,5,172,4,1
37,38,4,192,6,1
64,63,6,184,4,1
45,57,6,202,4,1
48,47,4,204,6,1
53,37,6,178,5,1
36,51,5,165,6,1
41,57,4,169,5,1
39,46,5,199,6,1
65,46,4,208,5,1
63,65,5,183,6,1
45,45,4,187,4,1
59,54,6,204,6,1
61,39,5,213,6,1
65,41,5,197,5,1
39,35,6,177,4,1
58,42,6,176,5,1
54,53,5,176,5,1
49,60,6,194,4,1
48,55,4,212,5,1
38,39,5,192,6,1
39,60,4,190,6,1
62,42,4,195,5,1
57,52,4,192,4,1
52,59,6,202,6,1
64,50,4,193,5,1
53,61,6,180,5,1
38,57,5,183,4,1
45,41,5,217,5,1
34,41,5,211,5,1
48,55,6,189,6,1
57,66,4,172,4,1
48,36,5,187,5,1
35,36,4,214,5,1
50,65,4,210,4,1
38,34,6,211,4,1
63,35,4,185,5,1
35,40,5,186,4,1
39,53,6,175,6,1
55,53,6,197,4,1
54,37,6,169,6,1
42,42,5,196,6,1
47,55,6,212,5,1
50,41,5,184,5,1
40,58,4,186,4,1
43,37,6,190,6,1
57,38,4,180,5,1
58,34,4,179,5,1
39,55,6,184,6,1
62,60,4,204,6,1
46,52,6,206,4,1
61,39,6,177,4,1
40,36,6,177,5,1
41,52,4,192,6,1
62,45,6,187,4,1
54,62,6,193,4,1
64,37,4,208,4,1
34,55,4,189,4,1
49,61,4,181,5,1
52,49,4,218,4,1
39,42,5,208,6,1
63,34,4,182,5,1
43,66,6,209,6,1
50,64,4,180,4,1
41,56,4,188,5,1
62,58,6,204,6,1
60,39,5,210,4,1
66,37,4,212,6,1
65,61,5,213,5,1
65,46,6,218,6,1
48,47,6,203,5,1
35,59,4,200,5,1
48,63,4,188,6,1
37,51,5,193,5,1
34,47,4,192,6,1
66,54,4,178,4,1
49,49,6,216,5,1
35,45,4,193,4,1
62,55,6,198,6,1
57,56,5,201,6,1
59,66,4,194,4,1
60,42,4,181,4,1
34,36,6,174,4,1
60,41,6,192,4,1
54,63,5,215,6,1
62,35,4,201,6,1
58,57,5,187,6,1
49,50,4,210,6,1
63,44,6,206,4,1
38,60,5,202,4,1
53,42,4,198,6,1
51,64,6,167,5,1
38,65,5,171,5,1
46,42,4,209,6,1
35,34,5,205,5,1
61,44,4,190,4,1
53,48,5,203,5,1
61,60,5,191,5,1
60,65,4,205,4,1
38,43,4,206,5,1
34,44,6,179,5,1
38,47,4,169,6,1
36,41,4,165,5,1
52,41,6,168,5,1
64,49,6,182,4,1
35,63,6,189,6,1
46,59,4,178,6,1
47,56,5,206,5,1
56,61,4,208,6,1
59,43,6,167,5,1
52,44,5,200,6,1
60,62,6,182,6,1
43,49,4,168,6,1
55,56,6,187,6,1
56,42,4,218,4,1
34,53,5,174,6,1
38,62,5,203,4,1
65,46,6,166,4,1
39,66,4,176,6,1
57,50,4,196,4,1
40,66,5,176,6,1
42,53,6,209,5,1
58,59,6,213,4,1
36,66,5,213,4,1
35,36,6,182,5,1
45,53,4,165,6,1
44,55,5,192,6,1
47,37,6,179,5,1
64,66,4,189,4,1
41,58,5,202,6,1
59,34,6,199,5,1
61,63,5,200,5,1
43,59,5,207,6,1
59,63,5,207,6,1
47,43,6,186,5,1
66,38,6,215,4,1
51,61,6,172,5,1
48,53,5,174,4,1
44,61,6,215,6,1
63,62,4,218,6,1
44,56,6,180,5,1
37,41,5,179,5,1
50,44,4,170,5,1
54,44,5,201,6,1
38,65,5,168,4,1
37,42,6,208,6,1
58,51,5,204,5,1
47,52,5,192,4,1
59,47,4,179,5,1
66,62,5,201,6,1
59,34,6,175,5,1
53,60,4,198,4,1
41,61,6,176,6,1
54,57,6,207,5,1
50,46,6,197,4,1
48,59,6,171,5,1
45,41,6,194,4,1
37,47,4,167,6,1
38,39,6,210,4,1
64,44,4,185,4,1
59,40,5,193,5,1
35,60,5,171,4,1
55,42,6,176,6,1
58,56,5,212,6,1
45,34,5,165,4,1
55,54,4,200,6,1
41,34,4,182,5,1
43,56,4,169,4,1
50,64,4,189,5,1
61,62,6,166,6,1
62,48,5,194,6,1
50,50,5,179,5,1
43,41,5,200,5,1
50,63,6,201,5,1
66,46,5,187,5,1
63,36,4,211,5,1
35,50,5,203,4,1
53,49,5,185,4,1
55,61,6,196,6,1
38,41,4,168,5,1
62,42,5,182,6,1
36,43,4,204,5,1
38,45,4,192,6,1
42,39,4,193,4,1
41,63,5,207,4,1
55,59,6,218,6,1
42,51,6,166,6,1
46,53,4,178,5,1
37,52,6,197,5,1
66,59,4,196,5,1
43,64,4,197,5,1
48,47,5,193,4,1
52,65,5,207,5,1
37,59,6,194,6,1
51,48,6,180,6,1
50,37,5,173,4,1
54,39,5,216,5,1
66,63,4,176,5,1
66,53,6,209,6,1
45,53,4,200,6,1
55,34,5,181,4,1
55,40,5,168,5,1
50,65,5,180,4,1
58,45,6,171,4,1
48,40,4,192,5,1
36,38,4,205,5,1
36,51,6,174,5,1
39,40,5,202,5,1
62,41,6,202,6,1
42,64,5,194,5,1
45,45,6,177,5,1
35,54,4,227,6,1
44,65,5,198,6,1
50,36,6,189,5,1
42,36,5,174,4,1
47,39,6,170,5,1
60,35,5,216,6,1
65,46,6,203,6,1
58,66,4,199,4,1
59,41,4,190,4,1
59,43,6,217,4,1
50,46,6,212,5,1
40,43,5,177,4,1
48,48,3,211,6,1
59,52,6,200,5,1
45,47,5,182,4,1
42,52,5,203,4,1
52,59,4,184,5,1
65,47,4,167,5,1
66,62,6,175,4,1
51,41,5,181,5,1
40,60,5,199,6,1
35,51,4,214,6,1
65,52,4,207,6,1
48,43,5,199,5,1
66,39,6,169,5,1
64,60,6,170,5,1
45,39,4,191,6,1
57,40,6,176,4,1
47,40,4,204,5,1
60,59,6,176,4,1
53,50,5,165,4,1
59,37,4,212,6,1
64,37,5,168,5,1
44,57,5,169,5,1
44,64,4,184,6,1
45,41,5,203,5,1
36,48,5,198,4,1
66,52,6,195,5,1
37,38,6,194,4,1
48,56,6,211,5,1
39,63,6,165,6,1
47,58,5,171,5,1
55,37,6,199,4,1
59,38,4,179,6,1
37,37,6,166,5,1
64,40,4,203,4,1
61,38,4,183,5,1
43,34,4,191,6,1
40,52,4,213,4,1
48,46,6,201,5,1
45,52,4,181,5,1
44,46,4,208,5,1
49,37,5,168,4,1
47,50,4,175,5,1
49,47,5,185,4,1
66,46,6,189,4,1
38,41,6,192,4,1
61,48,6,198,5,1
56,55,6,174,4,1
35,54,4,179,6,1
45,46,6,202,6,1
49,40,4,212,6,1
41,52,4,190,4,1
41,59,5,169,6,1
42,47,5,202,5,1
46,54,4,204,6,1
42,61,5,167,4,1
51,66,4,205,6,1
50,50,6,217,5,1
35,49,4,172,6,1
52,48,4,201,4,1
61,43,4,186,5,1
38,42,6,209,6,1
38,40,6,199,5,1
40,46,4,189,4,1
65,62,6,203,4,1
38,57,5,196,5,1
38,42,6,209,5,1
37,44,6,213,5,1
64,39,4,169,4,1
64,38,4,200,5,1
36,43,6,188,4,1
48,39,4,184,4,1
57,36,6,172,4,1
55,55,4,170,5,1
40,61,5,195,6,1
53,37,4,181,6,1
64,34,6,171,6,1
41,59,6,188,5,1
49,43,5,167,4,1
48,39,6,195,4,1
57,48,4,193,6,1
53,35,5,191,4,1
48,40,6,188,5,1
43,59,6,179,4,1
57,60,6,188,6,1
65,64,5,209,5,1
48,38,4,176,5,1
52,34,5,175,4,1
59,59,6,166,4,1
53,42,5,196,6,1
58,60,5,172,4,1
39,65,6,197,5,1
64,48,5,168,5,1
44,64,4,212,5,1
47,64,4,168,4,1
49,61,4,200,5,1
65,41,6,195,6,1
37,34,6,166,6,1
38,44,5,187,4,1
56,43,5,181,6,1
49,63,4,209,6,1
42,45,6,211,4,1
51,35,5,215,5,1
54,55,6,178,6,1
34,38,6,187,5,1
64,34,6,187,6,1
50,59,5,188,4,1
50,56,4,204,4,1
58,52,6,168,5,1
49,45,5,186,4,1
42,41,4,206,6,1
60,46,6,168,5,1
40,41,4,193,4,1
40,51,6,210,4,1
40,37,6,202,5,1
61,40,6,186,4,1
45,64,4,180,5,1
35,49,4,182,5,1
37,61,4,181,6,1
64,40,6,203,4,1
60,40,4,173,5,1
51,48,5,217,5,1
49,66,5,193,6,1
54,65,4,202,4,1
48,60,5,202,4,1
60,61,5,191,4,1
36,65,6,197,5,1
39,56,6,185,4,1
57,53,6,183,6,1
45,40,6,207,4,1
35,54,4,200,6,1
53,59,6,218,4,1
58,59,5,201,5,1
46,43,5,183,6,1
53,44,4,168,5,1
34,42,6,175,6,1
47,50,4,167,5,1
56,64,6,191,6,1
39,38,4,166,5,1
40,63,6,182,6,1
51,53,4,212,6,1
39,61,6,169,5,1
38,38,6,167,6,1
63,57,5,212,6,1
63,64,4,200,4,1
56,42,5,214,5,1
43,62,6,199,5,1
57,63,4,167,5,1
61,66,4,172,6,1
60,65,6,201,5,1
43,53,6,193,4,1
36,49,4,205,4,1
65,55,4,198,5,1
49,60,4,215,5,1
51,35,6,206,6,1
49,37,6,170,6,1
66,45,6,183,5,1
55,66,5,186,5,1
56,63,6,216,6,1
38,47,5,189,5,1
63,43,6,191,5,1
37,54,4,187,5,1
45,63,4,165,6,1
65,41,4,182,4,1
58,42,6,210,4,1
36,54,4,206,4,1
56,66,4,182,4,1
58,63,6,168,5,1
66,60,4,190,5,1
41,66,5,181,5,1
58,55,5,169,6,1
43,41,5,204,5,1
66,45,6,166,5,1
57,51,5,181,4,1
64,59,5,213,6,1
45,55,4,168,4,1
64,43,6,216,6,1
41,55,4,213,5,1
46,44,5,171,4,1
57,39,4,196,4,1
59,43,4,168,4,1
65,62,6,218,5,1
66,41,6,202,4,1
60,39,6,204,5,1
57,46,5,174,4,1
46,53,4,176,5,1
35,62,6,199,5,1
39,57,5,204,6,1
37,55,5,211,5,1
60,59,6,215,6,1
54,57,6,204,4,1
66,45,6,203,6,1
47,61,5,167,5,1
61,36,4,184,4,1
50,52,4,174,6,1
47,60,4,215,6,1
42,52,4,178,4,1
64,54,5,180,6,1
34,65,4,193,6,1
35,46,6,210,4,1
41,63,4,191,6,1
63,63,6,217,6,1
35,45,6,209,4,1
39,40,5,182,4,1
34,38,4,179,6,1
47,54,6,188,4,1
63,54,6,194,4,1
52,40,5,191,4,1
58,38,6,213,6,1
63,64,4,183,5,1
65,54,4,213,6,1
52,39,5,206,4,1
42,46,6,175,4,1
58,57,5,197,4,1
52,60,5,215,4,1
43,49,4,176,6,1
56,50,5,186,4,1
62,60,4,185,5,1
55,38,5,198,6,1
35,59,5,197,5,1
45,57,4,211,6,1
50,50,5,200,6,1
62,60,5,200,4,1
45,39,6,177,5,1
60,55,6,191,6,1
41,38,6,196,4,1
45,53,5,199,4,1
53,59,5,210,4,1
51,59,5,191,4,1
56,65,6,179,5,1
46,52,4,188,5,1
37,56,5,214,6,1
45,65,5,169,5,1
46,61,4,216,5,1
51,65,6,188,5,1
44,45,6,171,5,1
57,62,4,165,4,1
62,44,4,216,5,1
54,40,6,190,6,1
62,35,5,201,6,1
55,59,5,215,5,1
64,36,6,201,4,1
62,64,6,168,5,1
40,44,6,170,4,1
39,53,4,195,6,1
43,51,6,168,6,1
43,66,4,191,6,1
60,49,6,166,6,1
66,64,4,167,4,1
52,43,6,214,4,1
64,41,5,198,4,1
61,57,4,208,4,1
65,56,4,214,4,1
45,56,4,171,5,1
38,42,4,197,6,1
37,66,5,191,6,1
35,56,6,183,6,1
49,59,5,191,6,1
66,61,6,181,4,1
50,58,5,196,4,1
54,63,5,197,4,1
50,64,6,218,6,1
40,64,6,200,4,1
50,64,6,218,6,1
39,58,4,211,5,1
65,59,5,206,6,1
50,61,5,175,4,1
58,56,4,179,6,1
55,44,4,205,6,1
54,34,5,214,6,1
47,64,4,202,5,1
52,43,4,179,6,1
46,60,6,188,6,1
36,63,6,200,6,1
35,58,4,171,6,1
53,36,6,216,5,1
52,35,6,183,6,1
62,42,6,180,5,1
38,61,4,182,6,1
66,51,5,214,6,1
53,43,4,186,6,1
64,49,6,177,5,1
34,57,6,217,6,1
49,41,4,175,5,1
38,39,5,214,4,1
49,65,5,212,6,1
57,65,6,192,6,1
56,62,6,207,6,1
35,51,5,186,5,1
36,53,5,189,6,1
61,37,5,180,6,1
37,58,6,202,5,1
42,65,6,166,4,1
37,55,5,212,5,1
56,49,4,167,5,1
43,36,5,180,4,1
58,51,4,201,5,1
62,39,4,177,5,1
64,65,4,194,6,1
44,61,4,197,4,1
47,60,6,168,6,1
53,48,5,216,6,1
43,64,6,182,6,1
42,36,5,191,4,1
66,50,6,195,4,1
64,65,4,192,6,1
35,61,6,185,5,1
49,48,6,188,5,1
35,64,6,193,4,1
86,89,7,295,9,2
72,97,7,242,8,2
99,75,9,240,9,2
94,73,7,257,7,2
82,92,8,235,7,2
93,78,7,227,10,2
67,85,8,299,7,2
90,75,9,282,8,2
97,93,9,290,7,2
91,87,8,257,7,2
93,98,10,293,9,2
85,71,8,252,7,2
80,94,8,225,9,2
81,98,7,293,7,2
99,97,9,266,8,2
98,69,10,255,10,2
94,81,7,262,10,2
67,79,8,284,10,2
78,79,8,291,10,2
79,92,8,278,9,2
70,96,10,243,10,2
73,86,9,276,7,2
97,97,7,227,8,2
70,99,8,302,8,2
76,91,9,303,10,2
99,92,9,235,9,2
90,79,9,255,7,2
88,81,10,292,8,2
92,91,10,254,8,2
75,99,10,267,7,2
73,69,7,266,7,2
73,84,10,247,9,2
75,84,9,235,7,2
93,79,10,258,8,2
98,77,7,237,7,2
85,79,9,246,9,2
80,84,9,229,7,2
97,83,7,268,10,2
88,78,9,240,9,2
78,72,10,271,8,2
93,79,10,290,10,2
93,83,10,294,8,2
99,82,9,249,9,2
99,71,8,290,10,2
77,88,10,302,7,2
72,93,9,301,7,2
70,80,10,299,7,2
99,82,7,258,7,2
88,68,7,244,9,2
84,99,9,237,8,2
86,83,7,292,8,2
79,69,7,225,7,2
71,86,7,250,7,2
81,82,8,234,8,2
68,85,9,247,9,2
88,85,10,263,7,2
79,75,9,308,9,2
83,99,10,240,10,2
99,81,9,259,10,2
67,68,10,268,10,2
70,80,7,295,7,2
93,70,8,251,7,2
80,98,8,239,7,2
94,90,8,228,7,2
86,72,9,286,7,2
79,97,10,265,8,2
73,76,10,250,10,2
70,69,8,231,9,2
77,96,7,284,10,2
83,80,8,227,8,2
94,76,8,305,7,2
91,79,10,263,10,2
70,69,8,244,8,2
97,86,9,260,10,2
98,93,8,263,10,2
96,67,8,302,10,2
85,78,9,291,8,2
88,85,8,278,8,2
78,83,7,225,8,2
92,92,10,244,9,2
88,79,9,232,9,2
88,76,9,255,9,2
82,99,10,233,9,2
95,73,8,245,8,2
79,82,7,301,8,2
98,85,8,283,10,2
68,73,9,235,8,2
88,90,8,298,9,2
74,76,8,257,9,2
94,76,7,248,10,2
83,87,9,291,9,2
71,95,7,228,9,2
84,94,7,255,7,2
89,68,9,246,8,2
74,78,8,269,8,2
98,78,10,285,10,2
98,83,8,225,8,2
68,94,8,296,9,2
95,70,8,265,7,2
69,91,7,254,9,2
68,81,9,255,8,2
91,78,9,295,10,2
88,71,7,291,8,2
95,78,10,248,10,2
99,94,8,310,8,2
84,74,9,248,9,2
93,74,8,233,7,2
77,86,7,294,8,2
70,88,8,274,8,2
90,72,7,230,8,2
68,91,10,263,10,2
75,90,8,285,8,2
77,72,9,304,9,2
75,74,10,282,10,2
92,74,7,241,10,2
76,79,7,220,9,2
88,71,9,301,8,2
78,73,9,239,8,2
68,95,10,265,7,2
85,94,7,306,8,2
67,86,7,266,10,2
92,78,8,281,7,2
72,82,10,305,8,2
98,68,7,221,8,2
92,81,9,246,7,2
99,67,7,302,9,2
93,99,10,245,7,2
85,73,9,290,10,2
69,75,7,242,8,2
94,72,10,247,7,2
93,90,7,290,8,2
79,94,7,226,10,2
99,70,7,237,7,2
93,85,9,280,8,2
97,81,10,298,7,2
94,92,9,222,8,2
69,76,9,223,8,2
68,70,10,267,7,2
75,74,7,272,7,2
92,82,9,291,10,2
95,94,9,281,8,2
82,95,9,223,8,2
76,92,10,290,9,2
73,93,9,293,7,2
97,89,7,296,9,2
74,96,10,266,9,2
77,98,8,244,9,2
82,76,8,227,8,2
77,78,9,248,7,2
88,98,7,281,8,2
82,91,7,243,7,2
69,82,7,263,9,2
77,71,8,269,7,2
83,77,10,226,8,2
82,70,8,283,10,2
86,91,10,258,8,2
67,72,9,268,9,2
95,69,7,262,9,2
78,92,9,286,7,2
95,91,10,268,7,2
80,71,9,267,10,2
92,70,7,288,7,2
93,94,7,262,9,2
80,98,10,253,8,2
90,73,9,297,10,2
71,77,9,269,9,2
77,87,9,252,9,2
97,80,9,287,10,2
70,91,10,292,8,2
89,89,10,241,8,2
84,98,9,240,8,2
94,97,9,293,9,2
87,67,10,308,8,2
97,90,9,288,7,2
82,85,8,287,7,2
86,85,9,301,10,2
80,80,7,302,8,2
95,99,9,235,8,2
76,99,8,248,10,2
90,81,7,242,9,2
95,81,10,227,10,2
71,85,7,269,7,2
83,78,8,222,8,2
82,98,8,309,10,2
83,93,7,244,7,2
82,69,7,255,8,2
87,76,10,266,8,2
98,82,10,268,8,2
84,93,9,301,9,2
74,84,7,262,8,2
81,98,9,283,8,2
68,85,7,245,10,2
78,89,10,251,8,2
88,67,9,294,10,2
79,76,10,250,7,2
68,82,8,283,9,2
88,72,7,258,10,2
71,83,10,234,10,2
77,97,9,242,8,2
93,85,10,293,10,2
99,80,7,307,9,2
79,75,10,242,7,2
68,71,7,270,8,2
77,80,10,279,7,2
82,74,7,272,8,2
80,84,8,272,8,2
96,89,10,273,8,2
86,85,7,263,10,2
78,95,9,292,8,2
91,71,9,269,9,2
94,99,9,297,8,2
81,97,9,223,7,2
98,73,7,261,10,2
84,92,10,303,9,2
88,80,9,237,8,2
81,89,7,240,9,2
99,99,7,222,7,2
73,91,7,233,9,2
87,97,7,258,9,2
76,95,7,254,9,2
83,67,10,278,7,2
80,84,10,298,8,2
68,95,8,258,8,2
70,76,7,305,8,2
76,95,10,290,8,2
96,71,9,245,8,2
73,88,9,310,8,2
87,95,10,310,8,2
98,86,7,256,10,2
86,72,8,268,7,2
83,96,7,281,10,2
69,82,10,245,7,2
79,82,9,307,8,2
97,91,7,281,9,2
84,97,10,250,8,2
76,82,7,290,10,2
90,71,7,293,7,2
73,81,9,233,10,2
87,68,7,291,10,2
85,75,9,281,8,2
71,75,10,289,10,2
79,95,8,299,7,2
74,94,10,304,10,2
86,90,9,244,7,2
96,91,10,248,8,2
74,81,10,241,10,2
80,90,8,295,9,2
70,78,8,236,9,2
92,97,7,284,10,2
80,86,7,273,10,2
70,71,9,275,10,2
72,90,9,240,7,2
76,77,8,235,8,2
89,72,9,286,9,2
87,89,10,305,9,2
79,90,9,261,9,2
69,76,10,245,10,2
94,68,7,283,9,2
71,95,8,286,10,2
99,77,9,229,10,2
75,83,7,309,7,2
71,78,10,261,9,2
80,74,10,227,8,2
91,69,7,237,9,2
78,75,10,274,10,2
69,90,8,162,10,2
96,75,10,262,8,2
89,94,10,248,10,2
91,81,9,275,9,2
79,77,8,284,8,2
85,98,8,279,7,2
77,92,7,289,7,2
96,73,7,293,9,2
68,93,9,232,10,2
90,77,9,293,8,2
73,88,10,225,10,2
88,86,10,234,7,2
87,88,8,278,10,2
71,71,7,227,9,2
95,77,8,236,8,2
73,95,7,261,8,2
71,99,7,234,9,2
90,86,10,251,10,2
71,83,7,305,9,2
95,79,9,273,8,2
72,94,10,297,10,2
91,92,7,235,8,2
83,98,7,244,10,2
96,97,8,240,9,2
75,84,7,247,10,2
69,67,9,285,8,2
70,93,9,265,7,2
92,73,9,279,10,2
76,67,9,262,8,2
71,73,7,292,7,2
75,69,10,252,9,2
81,68,8,265,9,2
96,77,8,228,10,2
69,70,8,262,7,2
78,85,7,296,7,2
78,98,9,243,8,2
70,74,9,266,9,2
67,77,9,255,9,2
80,92,10,301,9,2
95,85,7,241,10,2
72,94,10,233,10,2
67,71,7,271,7,2
72,91,7,286,9,2
74,94,7,229,7,2
98,98,8,253,8,2
75,92,9,247,8,2
78,96,8,292,10,2
91,88,10,241,10,2
88,81,8,284,7,2
99,73,7,232,8,2
89,87,9,303,7,2
74,91,8,273,9,2
82,97,10,302,9,2
71,99,8,229,8,2
76,87,9,284,8,2
74,72,8,279,9,2
68,69,8,271,10,2
74,86,10,247,10,2
91,82,7,225,8,2
92,85,9,286,10,2
80,78,10,226,8,2
96,93,9,298,10,2
92,94,7,289,8,2
91,72,8,269,8,2
96,92,9,266,9,2
87,82,7,250,8,2
69,99,9,222,7,2
97,72,8,306,8,2
71,99,9,298,10,2
68,80,8,296,9,2
94,85,9,242,10,2
76,82,7,269,9,2
93,92,7,300,7,2
88,90,8,234,7,2
82,69,7,267,7,2
90,73,7,251,9,2
93,72,7,305,9,2
89,93,9,232,9,2
78,84,8,259,9,2
87,74,8,272,7,2
81,70,10,291,7,2
75,75,8,251,9,2
99,80,7,224,10,2
75,86,10,294,8,2
85,88,8,308,10,2
69,77,9,266,9,2
71,94,10,278,10,2
77,68,10,234,8,2
90,87,10,238,10,2
98,74,9,296,9,2
77,89,9,281,10,2
72,95,7,226,10,2
72,92,10,223,7,2
68,69,9,302,8,2
71,68,10,301,8,2
91,94,8,282,9,2
68,77,8,300,9,2
74,67,7,267,8,2
72,92,7,220,7,2
97,81,10,230,10,2
68,80,8,242,7,2
94,67,10,236,10,2
93,89,9,281,8,2
72,83,9,230,7,2
97,83,7,245,9,2
92,77,7,263,7,2
83,86,10,280,7,2
88,81,10,287,10,2
96,98,9,300,8,2
79,84,8,286,9,2
74,99,7,304,8,2
72,79,10,290,10,2
97,99,10,233,8,2
68,82,7,263,7,2
87,92,8,230,7,2
78,76,7,251,9,2
69,98,7,263,9,2
93,93,7,243,9,2
94,79,9,239,9,2
95,76,8,282,10,2
78,84,7,302,8,2
94,81,10,282,9,2
71,68,10,223,9,2
81,76,7,233,8,2
67,71,7,235,7,2
89,91,7,262,8,2
81,86,8,292,10,2
82,97,9,233,8,2
84,94,8,260,8,2
72,89,10,283,9,2
76,69,10,282,8,2
92,83,7,237,10,2
82,80,8,241,9,2
98,76,8,301,9,2
82,87,8,253,8,2
93,99,9,281,7,2
89,86,7,288,7,2
88,98,9,307,10,2
74,89,7,240,7,2
85,87,9,255,7,2
84,69,8,288,9,2
86,71,9,296,7,2
72,88,9,304,7,2
83,85,10,266,8,2
77,67,7,305,7,2
70,78,10,300,9,2
97,80,7,265,7,2
81,80,7,233,7,2
73,69,8,226,10,2
67,81,9,273,7,2
71,85,7,228,9,2
90,90,8,234,10,2
91,91,10,270,8,2
68,91,9,230,7,2
97,83,7,263,8,2
79,87,7,258,9,2
98,76,9,301,9,2
97,88,7,292,7,2
93,79,7,226,10,2
97,82,7,289,7,2
89,94,8,271,8,2
83,75,7,224,8,2
71,70,8,273,10,2
73,86,9,269,8,2
70,93,9,275,9,2
73,80,8,266,10,2
81,81,10,241,7,2
88,76,8,279,7,2
74,68,7,289,8,2
81,95,9,259,7,2
76,91,10,237,7,2
78,94,8,303,7,2
96,81,9,280,7,2
83,69,8,266,7,2
67,78,8,251,10,2
92,84,8,238,7,2
96,83,8,259,8,2
90,88,7,262,7,2
92,91,8,304,7,2
85,99,10,274,9,2
75,87,10,276,8,2
77,80,7,297,8,2
90,74,10,269,8,2
94,67,9,279,9,2
95,96,8,280,10,2
72,94,10,272,9,2
93,78,7,232,10,2
79,98,8,284,7,2
94,68,7,283,9,2
80,74,7,238,10,2
76,94,8,302,7,2
94,87,8,305,10,2
99,82,9,239,8,2
85,69,8,237,8,2
98,73,10,289,10,2
79,85,9,226,7,2
89,82,8,291,10,2
76,93,7,280,10,2
91,79,9,248,9,2
73,92,8,273,10,2
81,79,10,245,9,2
83,98,8,305,10,2
68,96,7,237,10,2
97,77,9,237,7,2
90,80,8,243,9,2
67,80,10,284,10,2
90,90,10,269,10,2
67,86,7,292,10,2
87,87,8,249,7,2
86,81,9,310,9,2
79,77,8,229,10,2
67,88,10,251,10,2
77,70,8,274,8,2
94,91,7,263,10,2
79,94,8,266,8,2
73,84,10,256,7,2
96,67,10,308,10,2
81,71,8,272,7,2
85,85,7,305,7,2
80,70,7,257,8,2
97,76,8,224,7,2
76,87,8,279,8,2
88,69,10,308,10,2
68,94,8,252,10,2
99,69,7,278,7,2
91,82,7,246,10,2
83,91,9,272,7,2
76,97,10,241,7,2
75,69,10,298,8,2
70,91,9,261,9,2
73,85,7,303,9,2
79,97,10,299,9,2
86,75,7,282,10,2
67,93,10,279,7,2
85,68,10,250,10,2
98,75,9,310,7,2
93,83,9,253,9,2
91,97,9,246,9,2
85,89,9,277,9,2
70,97,9,243,10,2
77,75,7,252,9,2
87,88,10,236,9,2
79,88,9,309,10,2
73,88,10,228,7,2
70,71,9,253,10,2
67,72,7,235,10,2
68,92,7,304,9,2
85,88,8,280,8,2
99,70,8,259,10,2
96,74,7,242,8,2
94,97,8,283,10,2
68,68,8,274,9,2
75,71,7,289,10,2
90,97,8,292,10,2
71,91,10,239,7,2
90,80,7,258,7,2
77,70,10,280,10,2
85,68,9,256,10,2
73,79,7,298,7,2
80,86,9,235,10,2
77,81,9,286,8,2
94,79,8,302,10,2
91,80,9,281,8,2
98,84,9,273,8,2
71,96,7,262,10,2
82,88,10,226,9,2
69,88,9,244,7,2
96,77,9,295,7,2
82,95,7,277,9,2
74,84,7,292,8,2
97,78,7,244,9,2
77,95,10,241,9,2
70,96,8,257,10,2
76,99,10,256,9,2
96,75,9,297,7,2
92,95,8,245,10,2
89,95,7,248,8,2
97,83,10,232,7,2
70,93,8,224,9,2
81,97,9,231,10,2
70,79,7,298,9,2
71,83,9,265,9,2
86,75,7,266,9,2
77,76,7,293,9,2
70,71,7,253,7,2
92,88,10,224,7,2
99,76,8,309,9,2
90,82,8,304,9,2
80,79,10,268,8,2
98,99,9,229,9,2
79,97,7,238,9,2
97,98,7,302,10,2
69,79,9,237,9,2
88,74,7,261,9,2
74,84,8,231,8,2
98,95,10,251,10,2
83,81,7,308,9,2
91,92,8,310,7,2
69,89,8,301,8,2
84,67,7,284,10,2
85,81,8,238,9,2
69,76,7,229,9,2
69,98,8,234,8,2
96,78,10,274,10,2
85,96,8,304,10,2
85,72,7,276,7,2
78,79,9,226,10,2
93,82,8,292,10,2
93,78,7,272,8,2
73,73,7,309,7,2
67,72,9,294,7,2
67,76,8,245,7,2
92,69,10,301,7,2
80,79,10,277,7,2
84,82,10,258,8,2
96,94,9,255,10,2
97,78,7,226,9,2
93,92,9,279,10,2
67,68,9,243,9,2
76,76,7,262,8,2
99,79,7,270,7,2
89,84,9,292,8,2
83,99,10,295,8,2
67,87,9,286,9,2
87,84,7,278,7,2
97,71,8,298,9,2
72,91,9,227,8,2
81,83,10,303,8,2
70,93,7,294,7,2
79,80,9,301,7,2
68,78,10,283,7,2
90,78,8,275,7,2
82,93,10,252,10,2
74,68,10,287,8,2
72,80,8,248,7,2
74,95,7,306,9,2
83,73,7,296,8,2
98,97,8,294,9,2
96,88,7,255,7,2
85,90,7,305,7,2
97,88,7,249,8,2
86,88,10,270,8,2
68,72,10,251,7,2
83,97,10,294,10,2
84,98,9,220,8,2
68,95,10,281,10,2
70,85,10,242,7,2
73,85,8,230,8,2
93,82,10,249,8,2
90,78,8,266,10,2
82,68,9,236,10,2
68,90,8,243,9,2
96,80,7,219,10,2
74,75,10,227,10,2
67,75,6,271,8,2
73,69,10,278,9,2
75,85,7,293,7,2
72,80,10,232,8,2
68,73,7,243,9,2
68,72,9,294,8,2
71,73,7,251,8,2
82,72,9,298,7,2
81,68,9,244,8,2
69,71,8,228,10,2
90,98,10,219,10,2
99,85,8,268,8,2
91,89,8,285,7,2
94,70,8,306,7,2
76,83,9,260,7,2
94,82,8,263,8,2
73,69,10,265,9,2
70,76,10,248,7,2
94,74,7,261,10,2
68,91,10,306,9,2
67,74,10,248,10,2
96,76,8,283,8,2
81,77,10,288,8,2
75,87,8,292,8,2
70,99,7,276,8,2
77,75,9,290,10,2
90,78,7,304,9,2
84,91,7,277,8,2
97,80,7,258,7,2
85,90,10,257,10,2
94,90,8,265,10,2
90,96,10,277,7,2
95,90,10,261,7,2
67,89,9,233,9,2
68,68,9,306,7,2
82,78,10,239,10,2
96,74,10,231,8,2
72,97,8,251,9,2
68,68,9,300,9,2
85,87,10,269,8,2
72,92,8,262,7,2
72,68,8,238,9,2
78,89,10,234,10,2
75,75,7,256,9,2
99,84,8,267,8,2
74,88,10,277,9,2
68,99,7,245,8,2
93,71,10,269,10,2
73,89,9,233,7,2
87,99,9,303,9,2
74,90,8,223,10,2
93,98,8,281,9,2
88,69,9,233,8,2
94,86,9,282,8,2
85,76,7,237,10,2
87,91,7,219,7,2
90,88,9,241,9,2
85,77,9,310,8,2
71,76,8,249,9,2
87,96,7,278,10,2
85,71,8,274,10,2
91,90,8,297,10,2
76,85,8,271,10,2
97,88,10,221,10,2
90,77,7,303,10,2
95,76,7,225,8,2
83,71,7,267,7,2
91,81,8,290,10,2
84,93,7,225,7,2
76,87,7,226,9,2
78,73,7,272,8,2
95,71,10,238,9,2
90,90,10,299,8,2
88,74,9,275,9,2
99,79,8,270,8,2
90,76,7,282,8,2
68,67,9,273,7,2
82,94,9,233,10,2
80,99,9,302,10,2
89,91,9,301,10,2
94,80,10,226,7,2
73,73,7,221,7,2
91,77,7,230,9,2
78,91,8,308,8,2
68,68,9,240,8,2
96,93,10,255,7,2
84,83,7,236,7,2
90,94,7,283,8,2
74,92,9,287,8,2
80,90,10,287,7,2
90,93,9,268,8,2
98,93,7,284,8,2
99,90,9,250,8,2
80,89,9,273,8,2
74,90,8,280,8,2
87,70,9,244,9,2
87,93,7,300,9,2
78,68,9,239,9,2
87,92,8,256,10,2
82,80,9,258,8,2
83,91,9,294,10,2
96,91,8,244,10,2
88,95,7,252,9,2
90,80,8,229,10,2
95,90,7,254,8,2
85,95,7,240,9,2
70,68,8,295,9,2
90,95,10,281,7,2
77,77,7,307,10,2
79,84,9,245,8,2
77,74,7,298,10,2
68,86,10,221,7,2
88,91,9,256,10,2
93,67,9,267,10,2
91,75,7,260,7,2
96,97,9,257,7,2
73,93,8,223,8,2
77,96,9,264,10,2
76,68,9,257,7,2
97,70,7,271,10,2
94,75,7,283,10,2
74,74,8,296,8,2
76,83,10,226,10,2
85,79,8,234,8,2
79,89,7,275,9,2
84,81,10,292,10,2
73,76,10,258,8,2
95,92,8,229,7,2
86,77,9,255,10,2
94,91,7,300,7,2
79,68,9,276,10,2
75,78,9,281,8,2
77,86,10,283,10,2
87,94,8,236,9,2
98,80,7,309,8,2
78,89,8,265,9,2
84,78,7,285,9,2
70,90,7,260,10,2
68,85,8,263,9,2
78,89,8,296,8,2
94,68,8,238,7,2
93,87,9,243,8,2
82,68,7,284,9,2
72,87,8,272,8,2
73,97,7,295,7,2
74,80,9,244,10,2
78,84,8,259,7,2
88,73,9,285,10,2
86,70,9,279,8,2
72,81,8,235,10,2
92,91,9,225,10,2
90,81,9,256,10,2
96,73,10,304,7,2
92,91,7,293,10,2
97,70,7,285,7,2
79,67,10,236,9,2
88,82,8,272,8,2
87,78,9,285,8,2
93,84,8,276,10,2
67,95,7,297,10,2
97,82,9,305,7,2
92,79,9,247,8,2
86,78,7,252,7,2
90,70,8,253,8,2
77,72,7,283,7,2
83,88,10,278,10,2
98,99,7,282,7,2
88,98,9,222,10,2
76,67,8,231,8,2
79,81,8,242,7,2
88,81,10,307,9,2
70,88,10,228,10,2
83,90,7,232,10,2
85,85,7,238,9,2
67,86,10,224,7,2
99,72,9,234,9,2
94,77,10,296,10,2
98,85,10,246,7,2
90,70,7,244,9,2
70,72,7,237,7,2
85,86,7,253,7,2
97,78,10,294,8,2
72,85,9,301,8,2
71,72,8,284,7,2
94,76,10,288,10,2
81,93,9,242,8,2
98,75,10,235,9,2
93,89,8,266,8,2
84,75,7,236,10,2
77,84,10,263,10,2
97,84,10,243,10,2
82,87,7,300,10,2
70,68,9,294,8,2
85,79,9,269,7,2
68,80,9,248,8,2
74,69,8,296,9,2
93,98,7,302,7,2
75,98,9,296,8,2
96,73,10,237,10,2
91,73,8,300,7,2
99,76,7,267,8,2
79,68,7,233,7,2
94,86,8,231,9,2
87,84,8,242,8,2
85,73,7,310,7,2
80,81,8,299,10,2
75,78,7,260,7,2
98,73,8,244,8,2
72,72,9,265,9,2
88,82,9,245,7,2
78,80,7,282,7,2
98,74,8,271,10,2
80,86,8,222,9,2
98,95,9,231,7,2
70,91,7,251,10,2
73,95,7,274,8,2
80,87,8,290,10,2
71,72,9,273,9,2
72,85,10,229,9,2
88,70,8,227,9,2
83,74,10,284,7,2
75,67,8,299,8,2
85,89,7,238,7,2
94,96,9,267,7,2
71,72,9,299,8,2
74,82,9,290,10,2
76,90,9,272,9,2
85,91,10,239,8,2
78,81,10,259,9,2
99,84,10,301,9,2
75,84,8,287,10,2
92,73,7,227,7,2
80,89,7,242,9,2
83,93,10,303,7,2
97,95,10,239,7,2
90,96,8,310,9,2
85,96,9,293,8,2
96,67,10,266,8,2
67,88,8,214,9,2
78,78,8,299,8,2
67,81,7,284,7,2
96,77,9,286,10,2
99,84,7,226,9,2
90,71,7,270,10,2
95,91,8,298,10,2
72,87,9,266,9,2
94,77,8,261,9,2
77,90,8,298,9,2
95,79,7,276,8,2
69,69,10,308,8,2
80,90,7,304,9,2
90,68,8,278,9,2
74,76,8,245,8,2
94,74,10,284,10,2
85,77,7,220,7,2
86,77,8,300,7,2
97,67,9,227,10,2
82,79,10,288,9,2
70,74,9,261,7,2
97,71,7,232,9,2
97,80,8,233,7,2
78,70,9,276,9,2
89,75,10,269,8,2
83,72,10,236,8,2
67,83,8,302,9,2
90,95,9,288,8,2
85,92,9,275,7,2
72,77,9,280,8,2
82,85,10,236,9,2
72,68,6,260,10,2
82,79,10,294,9,2
75,91,7,292,7,2
81,68,10,259,10,2
77,84,7,305,8,2
92,73,7,238,9,2
80,89,8,290,7,2
88,75,8,288,8,2
93,84,8,245,10,2
92,81,8,279,7,2
96,74,7,300,10,2
76,82,8,235,10,2
78,70,9,291,10,2
71,85,7,273,8,2
84,71,8,246,8,2
90,69,8,229,8,2
67,94,10,236,10,2
75,74,10,293,9,2
76,93,8,274,8,2
85,91,9,219,10,2
89,91,8,260,10,2
91,80,9,291,9,2
74,69,7,270,8,2
93,86,8,290,7,2
88,96,10,294,5,2
95,97,7,291,10,2
67,97,7,243,7,2
67,69,7,264,8,2
91,84,9,268,7,2
78,74,9,253,10,2
98,92,7,263,10,2
85,89,8,234,6,2
83,94,10,307,9,2
67,98,7,221,7,2
69,98,8,239,10,2
88,96,10,297,7,2
74,92,10,223,10,2
71,96,7,281,7,2
93,97,8,223,10,2
71,95,7,263,9,2
69,94,8,259,8,2
82,68,9,299,7,2
90,96,7,294,7,2
77,67,7,239,7,2
80,94,10,231,7,2
78,96,7,237,7,2
81,89,9,256,7,2
92,83,8,233,10,2
76,73,8,251,10,2
87,73,7,234,8,2
88,97,7,298,10,2
72,94,8,289,7,2
71,94,10,261,8,2
79,93,9,224,8,2
90,80,10,298,8,2
83,96,9,278,10,2
90,88,7,244,7,2
87,70,7,219,7,2
85,87,10,271,7,2
74,92,10,255,10,2
98,86,7,284,5,2
77,75,10,264,10,2
80,98,9,256,10,2
83,69,8,232,8,2
78,84,8,296,9,2
71,81,7,310,9,2
84,73,7,284,8,2
79,83,8,232,10,2
73,77,10,247,9,2
84,77,10,219,7,2
98,79,10,230,8,2
90,94,7,291,9,2
75,81,10,289,7,2
99,97,10,232,7,2
89,97,9,293,8,2
89,78,7,310,7,2
99,97,8,257,8,2
84,73,7,251,7,2
79,88,10,241,8,2
81,82,8,284,8,2
75,77,7,257,7,2
81,83,10,225,10,2
73,75,8,259,8,2
90,78,9,303,7,2
78,81,8,267,9,2
70,95,9,291,8,2
75,79,8,258,8,2
98,96,10,233,10,2
91,77,7,279,9,2
92,87,8,286,9,2
99,80,8,223,10,2
83,81,7,234,9,2
79,86,8,233,9,2
97,85,9,251,10,2
86,99,8,242,8,2
90,73,10,231,9,2
80,67,9,302,9,2
93,86,10,233,10,2
75,94,7,264,9,2
97,70,7,271,9,2
78,79,7,308,7,2
83,98,10,296,10,2
80,76,8,303,8,2
68,95,8,233,8,2
87,89,10,235,7,2
91,95,9,296,8,2
97,78,10,307,10,2
94,98,9,307,7,2
76,79,6,202,10,2
76,70,7,281,8,2
98,86,9,281,7,2
94,90,7,274,7,2
